id,question,answer
1,What is the capital of France?,incomplete
2,What is the capital of France?,incomplete
3,What is the capital of France?,The capital of France is Paris.
4,who won the Israeli football championship in 2023/2024?,Maccabi Haifa won the Israeli football championship in the 2023/2024 season.
5,what are the symptoms of covid-19?,"The symptoms of COVID-19 can vary widely but may include:
    1. Fever or chills
    2. Cough
    3. Shortness of breath or difficulty breathing
    4. Fatigue
    5. Muscle or body aches

6,who are you?,I am a language model AI created by OpenAI. My purpose is to assist and provide information to the best of my abilities based on the data I have been trained on. 
